iter	Passed	Remaining
0	58	58218
1	58	29233
2	58	19558
3	59	14716
4	59	11814
5	59	9881
6	59	8498
7	60	7460
8	60	6656
9	60	6012
10	61	5484
11	61	5043
12	61	4671
13	61	4357
14	62	4079
15	62	3837
16	62	3623
17	63	3437
18	63	3268
19	63	3115
20	63	2975
21	64	2850
22	64	2739
23	64	2636
24	65	2541
25	65	2449
26	65	2365
27	65	2287
28	66	2213
29	66	2145
30	66	2082
31	66	2023
32	67	1967
33	67	1915
34	67	1865
35	67	1819
36	68	1776
37	68	1733
38	68	1693
39	68	1655
40	69	1618
41	69	1583
42	69	1550
43	69	1518
44	70	1488
45	70	1460
46	70	1433
47	70	1406
48	71	1382
49	71	1357
50	71	1334
51	71	1311
52	72	1289
53	72	1268
54	72	1248
55	72	1229
56	73	1210
57	73	1192
58	73	1175
59	73	1159
60	74	1143
61	74	1129
62	74	1114
63	75	1099
64	75	1085
65	75	1071
66	75	1058
67	76	1042
68	76	1029
69	76	1017
70	76	1005
71	77	993
72	77	981
73	77	970
74	77	960
75	78	949
76	78	939
77	78	929
78	78	919
79	79	910
80	79	900
81	79	891
82	79	882
83	80	874
84	80	864
85	80	856
86	80	847
87	80	839
88	81	831
89	81	824
90	81	817
91	82	809
92	82	802
93	82	795
94	82	788
95	83	782
96	83	775
97	83	769
98	83	762
99	84	756
100	84	750
101	84	743
102	84	737
103	84	731
104	85	725
105	85	720
106	85	714
107	85	709
108	86	704
109	86	699
110	86	694
111	86	688
112	87	684
113	87	679
114	87	674
115	87	670
116	88	666
117	88	662
118	88	657
119	89	654
120	89	650
121	89	646
122	89	640
123	90	636
124	90	632
125	90	628
126	90	624
127	91	619
128	91	616
129	91	612
130	91	608
131	92	605
132	92	601
133	92	598
134	92	594
135	93	590
136	93	587
137	93	583
138	93	580
139	93	577
140	94	573
141	94	571
142	94	568
143	95	565
144	95	562
145	95	559
146	95	556
147	96	553
148	96	550
149	96	547
150	96	544
151	97	541
152	97	538
153	97	536
154	97	533
155	98	530
156	98	528
157	98	525
158	98	522
159	99	520
160	99	517
161	99	515
162	99	512
163	100	510
164	100	508
165	100	506
166	101	503
167	101	501
168	101	499
169	101	496
170	102	494
171	102	492
172	102	489
173	102	487
174	102	485
175	103	483
176	103	480
177	103	478
178	103	476
179	104	474
180	104	471
181	104	469
182	104	467
183	104	465
184	105	463
185	105	461
186	105	459
187	105	457
188	106	455
189	106	453
190	106	451
191	106	449
192	107	447
193	107	446
194	107	444
195	107	442
196	108	440
197	108	438
198	108	437
199	108	435
200	109	433
201	109	431
202	109	430
203	109	428
204	109	426
205	110	424
206	110	423
207	110	421
208	110	419
209	111	418
210	111	416
211	111	415
212	111	413
213	112	412
214	112	410
215	112	408
216	112	407
217	113	405
218	113	404
219	113	402
220	113	401
221	114	399
222	114	398
223	114	396
224	114	395
225	115	394
226	115	392
227	115	391
228	115	389
229	116	388
230	116	386
231	116	385
232	116	384
233	116	382
234	117	381
235	117	380
236	117	379
237	118	377
238	118	376
239	118	375
240	118	373
241	118	372
242	119	371
243	119	369
244	119	368
245	119	367
246	120	366
247	120	364
248	120	363
249	120	362
250	121	361
251	121	359
252	121	358
253	121	357
254	122	356
255	122	355
256	122	353
257	122	352
258	122	351
259	123	350
260	123	349
261	123	348
262	123	347
263	124	345
264	124	344
265	124	343
266	124	342
267	124	341
268	125	340
269	125	339
270	125	338
271	125	336
272	126	335
273	126	334
274	126	333
275	126	332
276	127	331
277	127	330
278	127	329
279	127	328
280	128	327
281	128	326
282	128	325
283	128	324
284	128	323
285	129	322
286	129	321
287	129	320
288	129	319
289	130	318
290	130	317
291	130	316
292	130	315
293	131	314
294	131	313
295	131	312
296	131	311
297	131	310
298	132	309
299	132	309
300	132	308
301	132	307
302	133	306
303	133	305
304	133	304
305	133	303
306	134	302
307	134	301
308	134	300
309	134	300
310	135	299
311	135	298
312	135	297
313	135	296
314	136	295
315	136	295
316	136	294
317	136	293
318	137	292
319	137	291
320	137	291
321	137	290
322	138	289
323	138	288
324	138	287
325	138	287
326	139	286
327	139	285
328	139	284
329	139	284
330	140	283
331	140	282
332	140	281
333	140	281
334	141	280
335	141	279
336	141	278
337	141	277
338	142	277
339	142	276
340	142	275
341	142	274
342	143	273
343	143	273
344	143	272
345	143	271
346	144	271
347	144	270
348	144	269
349	144	268
350	144	267
351	145	267
352	145	266
353	145	265
354	145	264
355	146	264
356	146	263
357	146	262
358	146	262
359	147	261
360	147	260
361	147	259
362	147	259
363	147	258
364	148	257
365	148	257
366	148	256
367	148	255
368	149	254
369	149	254
370	149	253
371	149	252
372	149	252
373	150	251
374	150	250
375	150	250
376	150	249
377	151	248
378	151	248
379	151	247
380	151	246
381	152	246
382	152	245
383	152	244
384	152	243
385	152	243
386	153	242
387	153	242
388	153	241
389	153	240
390	154	240
391	154	239
392	154	238
393	154	238
394	155	237
395	155	236
396	155	236
397	155	235
398	156	235
399	156	234
400	156	233
401	156	233
402	157	232
403	157	232
404	157	231
405	157	230
406	158	230
407	158	229
408	158	229
409	158	228
410	158	227
411	159	227
412	159	226
413	159	226
414	159	225
415	160	224
416	160	224
417	160	223
418	160	223
419	161	222
420	161	222
421	161	221
422	161	220
423	162	220
424	162	219
425	162	219
426	162	218
427	163	217
428	163	217
429	163	216
430	163	216
431	163	215
432	164	215
433	164	214
434	164	213
435	164	213
436	165	212
437	165	212
438	165	211
439	165	211
440	166	210
441	166	210
442	166	209
443	166	208
444	167	208
445	167	207
446	167	207
447	167	206
448	168	206
449	168	205
450	168	205
451	168	204
452	169	204
453	169	203
454	169	203
455	169	202
456	170	202
457	170	201
458	170	200
459	170	200
460	171	199
461	171	199
462	171	198
463	171	198
464	171	197
465	172	197
466	172	196
467	172	196
468	172	195
469	173	195
470	173	194
471	173	194
472	174	193
473	174	193
474	174	192
475	174	192
476	174	191
477	175	191
478	175	190
479	175	190
480	175	189
481	176	189
482	176	188
483	176	188
484	176	187
485	177	187
486	177	186
487	177	186
488	177	185
489	177	185
490	178	184
491	178	184
492	178	183
493	178	183
494	179	182
495	179	182
496	179	181
497	179	181
498	180	180
499	180	180
500	180	179
501	180	179
502	181	178
503	181	178
504	181	177
505	181	177
506	182	177
507	182	176
508	182	176
509	182	175
510	182	175
511	183	174
512	183	174
513	183	173
514	183	173
515	184	172
516	184	172
517	184	171
518	184	171
519	185	170
520	185	170
521	185	169
522	185	169
523	186	169
524	186	168
525	186	168
526	186	167
527	187	167
528	187	166
529	187	166
530	187	165
531	187	165
532	188	164
533	188	164
534	189	164
535	189	164
536	189	163
537	190	163
538	190	162
539	190	162
540	190	161
541	191	161
542	191	160
543	191	160
544	191	160
545	191	159
546	192	159
547	192	158
548	192	158
549	192	157
550	193	157
551	193	156
552	193	156
553	193	156
554	194	155
555	194	155
556	194	154
557	194	154
558	195	153
559	195	153
560	195	153
561	195	152
562	196	152
563	196	151
564	196	151
565	196	150
566	197	150
567	197	149
568	197	149
569	197	149
570	197	148
571	198	148
572	198	147
573	198	147
574	198	146
575	199	146
576	199	146
577	199	145
578	199	145
579	199	144
580	200	144
581	200	143
582	200	143
583	200	143
584	201	142
585	201	142
586	201	141
587	201	141
588	202	141
589	202	140
590	202	140
591	202	139
592	203	139
593	203	138
594	203	138
595	203	138
596	204	137
597	204	137
598	204	136
599	204	136
600	204	136
601	205	135
602	205	135
603	205	134
604	205	134
605	206	134
606	206	133
607	206	133
608	206	132
609	207	132
610	207	131
611	207	131
612	207	131
613	207	130
614	208	130
615	208	129
616	208	129
617	208	129
618	209	128
619	209	128
620	209	127
621	209	127
622	209	127
623	210	126
624	210	126
625	210	125
626	210	125
627	211	125
628	211	124
629	211	124
630	211	123
631	211	123
632	212	123
633	212	122
634	212	122
635	212	121
636	213	121
637	213	121
638	213	120
639	213	120
640	214	119
641	214	119
642	214	119
643	214	118
644	215	118
645	215	117
646	215	117
647	215	117
648	215	116
649	216	116
650	216	116
651	216	115
652	216	115
653	217	114
654	217	114
655	217	114
656	217	113
657	218	113
658	218	112
659	218	112
660	218	112
661	219	111
662	219	111
663	219	111
664	219	110
665	220	110
666	220	109
667	220	109
668	220	109
669	220	108
670	221	108
671	221	108
672	221	107
673	221	107
674	222	106
675	222	106
676	222	106
677	222	105
678	223	105
679	223	105
680	223	104
681	223	104
682	223	103
683	224	103
684	224	103
685	224	102
686	224	102
687	225	102
688	225	101
689	225	101
690	225	101
691	226	100
692	226	100
693	226	99
694	226	99
695	227	99
696	227	98
697	227	98
698	227	98
699	227	97
700	228	97
701	228	96
702	228	96
703	228	96
704	229	95
705	229	95
706	229	95
707	229	94
708	229	94
709	230	94
710	230	93
711	230	93
712	230	92
713	231	92
714	231	92
715	231	91
716	231	91
717	232	91
718	232	90
719	232	90
720	232	90
721	233	89
722	233	89
723	233	89
724	233	88
725	234	88
726	234	87
727	234	87
728	234	87
729	234	86
730	235	86
731	235	86
732	235	85
733	235	85
734	236	85
735	236	84
736	236	84
737	236	84
738	236	83
739	237	83
740	237	82
741	237	82
742	237	82
743	238	81
744	238	81
745	238	81
746	238	80
747	239	80
748	239	80
749	239	79
750	239	79
751	240	79
752	240	78
753	240	78
754	240	78
755	241	77
756	241	77
757	241	77
758	241	76
759	242	76
760	242	76
761	242	75
762	242	75
763	242	75
764	243	74
765	243	74
766	243	74
767	243	73
768	244	73
769	244	73
770	244	72
771	244	72
772	245	71
773	245	71
774	245	71
775	245	70
776	246	70
777	246	70
778	246	69
779	246	69
780	247	69
781	247	68
782	247	68
783	247	68
784	248	67
785	248	67
786	248	67
787	248	66
788	248	66
789	249	66
790	249	65
791	249	65
792	249	65
793	250	64
794	250	64
795	250	64
796	250	63
797	251	63
798	251	63
799	251	62
800	251	62
801	251	62
802	252	61
803	252	61
804	252	61
805	252	60
806	253	60
807	253	60
808	253	59
809	253	59
810	253	59
811	254	58
812	254	58
813	254	58
814	254	57
815	255	57
816	255	57
817	255	56
818	255	56
819	256	56
820	256	55
821	256	55
822	256	55
823	256	54
824	257	54
825	257	54
826	257	53
827	257	53
828	257	53
829	258	52
830	258	52
831	258	52
832	258	51
833	259	51
834	259	51
835	259	50
836	259	50
837	260	50
838	260	49
839	260	49
840	260	49
841	261	48
842	261	48
843	261	48
844	261	48
845	262	47
846	262	47
847	262	47
848	262	46
849	263	46
850	263	46
851	263	45
852	263	45
853	264	45
854	264	44
855	264	44
856	264	44
857	265	43
858	265	43
859	265	43
860	265	42
861	265	42
862	266	42
863	266	41
864	266	41
865	267	41
866	267	41
867	267	40
868	267	40
869	267	40
870	268	39
871	268	39
872	268	39
873	268	38
874	269	38
875	269	38
876	269	37
877	269	37
878	270	37
879	270	36
880	270	36
881	270	36
882	271	35
883	271	35
884	271	35
885	271	34
886	272	34
887	272	34
888	272	34
889	272	33
890	272	33
891	273	33
892	273	32
893	273	32
894	274	32
895	274	31
896	274	31
897	274	31
898	275	30
899	275	30
900	275	30
901	275	29
902	275	29
903	276	29
904	276	29
905	276	28
906	276	28
907	277	28
908	277	27
909	277	27
910	277	27
911	278	26
912	278	26
913	278	26
914	278	25
915	279	25
916	279	25
917	279	24
918	279	24
919	279	24
920	280	24
921	280	23
922	280	23
923	280	23
924	281	22
925	281	22
926	281	22
927	281	21
928	282	21
929	282	21
930	282	20
931	282	20
932	282	20
933	283	20
934	283	19
935	283	19
936	283	19
937	284	18
938	284	18
939	285	18
940	285	17
941	285	17
942	285	17
943	286	16
944	286	16
945	286	16
946	286	16
947	286	15
948	287	15
949	287	15
950	287	14
951	287	14
952	288	14
953	288	13
954	288	13
955	288	13
956	288	12
957	289	12
958	289	12
959	289	12
960	289	11
961	290	11
962	290	11
963	290	10
964	290	10
965	291	10
966	291	9
967	291	9
968	291	9
969	291	9
970	292	8
971	292	8
972	292	8
973	292	7
974	293	7
975	293	7
976	293	6
977	293	6
978	293	6
979	294	6
980	294	5
981	294	5
982	294	5
983	295	4
984	295	4
985	295	4
986	295	3
987	296	3
988	296	3
989	296	2
990	296	2
991	297	2
992	297	2
993	297	1
994	297	1
995	298	1
996	298	0
997	298	0
998	298	0
999	298	0
